keyword,val
palace,1.0
army,0.7071067811865476
headquarters,0.7071067811865476
electoral,0.7071067811865476
commission,0.7071067811865476
interior,0.7071067811865476
ministry,0.7071067811865476
